[
    {
        "name": "org.springframework.context.annotation.AnnotationConfigApplicationContext",
        "methods": [
            { "name": "<init>", "parameterTypes": [] }
        ]
    },
    {
        "name": "org.springframework.beans.factory.annotation.AutowiredAnnotationBeanPostProcessor",
        "methods": [
            { "name": "<init>", "parameterTypes": [] }
        ]
    },
    {
        "name": "org.apache.logging.log4j.message.ReusableMessageFactory",
        "methods": [
            { "name": "<init>", "parameterTypes": [] }
        ]
    },
    {
        "name": "org.apache.logging.log4j.message.DefaultFlowMessageFactory",
        "methods": [
            { "name": "<init>", "parameterTypes": [] }
        ]
    },
    {
        "name": "org.springframework.boot.web.reactive.context.ReactiveWebServerApplicationContext",
        "methods": [
            { "name": "<init>", "parameterTypes": [] }
        ]
    },
    {
        "name": "org.springframework.context.support.GenericApplicationContext",
        "methods": [
            { "name": "<init>", "parameterTypes": [] }
        ]
    },
    {
        "name": "org.springframework.context.annotation.ConfigurationClassPostProcessor",
        "methods": [
            { "name": "<init>", "parameterTypes": [] }
        ]
    },
    {
        "name": "org.springframework.http.codec.support.DefaultServerCodecConfigurer",
        "methods": [
            { "name": "<init>", "parameterTypes": [] }
        ]
    },
    {
        "name": "io.netty.channel.socket.nio.NioServerSocketChannel",
        "methods": [
            { "name": "<init>", "parameterTypes": [] }
        ]
    }
]
