<assembly xmlns="http://maven.apache.org/plugins/maven-assembly-plugin/assembly/1.1.0"
          xmlns:xsi="http://www.w3.org/2001/XMLSchema-instance"
          xsi:schemaLocation="http://maven.apache.org/plugins/maven-assembly-plugin/assembly/1.1.0 http://maven.apache.org/xsd/assembly-1.1.0.xsd">
    <id>src</id>
    <formats>
        <format>tar.gz</format>
    </formats>
    <fileSets>
        <fileSet>
            <directory>${project.basedir}</directory>
            <outputDirectory></outputDirectory>
            <useDefaultExcludes>true</useDefaultExcludes>
            <excludes>
                <exclude>./*.iml</exclude>
                <exclude>./.idea/**</exclude>
                <exclude>./.gradle/**</exclude>
                <exclude>./target/**</exclude>
                <exclude>./user-files/archive/**</exclude>
                <exclude>./user-files/expected/**</exclude>
                <exclude>./lib/**</exclude>
                <exclude>./src/overlay/**</exclude>
                <exclude>./build/**</exclude>
            </excludes>
        </fileSet>
    </fileSets>
</assembly>
